condition_id,target,prompt_shape,concurrency,request_count_per_mode,predicted_cache_hit_ratio,observed_cache_hit_ratio,prediction_absolute_error,cache_off_ttft_p50_ms,cache_on_ttft_p50_ms,ttft_change_percent,cache_off_tpot_p50_ms,cache_on_tpot_p50_ms,cache_off_latency_p50_ms,cache_on_latency_p50_ms,cache_off_latency_p95_ms,cache_on_latency_p95_ms,cache_off_latency_p99_ms,cache_on_latency_p99_ms,cache_off_input_tokens_per_second,cache_on_input_tokens_per_second,cache_off_output_tokens_per_second,cache_on_output_tokens_per_second,output_throughput_change_percent,cache_off_peak_gpu_memory_gib,cache_on_peak_gpu_memory_gib,cache_off_cost_per_million_output_tokens_usd,cache_on_cost_per_million_output_tokens_usd
base-short-c1,base,short,1,32,0.859375,0.859375,0.0,92.35822300000507,91.66488750000212,-0.7507025118953514,35.31305910000053,34.95750370000034,624.3599220000107,615.2482859999964,638.8218722500128,659.1055152499976,642.3520977599978,697.987812000004,57.99346621780097,58.231006877188804,25.68568745978728,25.79089577951615,0.40959900292167895,17.916015625,17.916015625,15.51231381555338,15.449034723365452
base-short-c8,base,short,8,32,0.859375,0.859375,0.0,157.9622015000126,148.4173700000042,-6.042478143106688,38.192349600001315,38.178913366666244,731.2808865000022,727.0958059999941,738.918951199993,735.6746736499972,741.7365363800005,738.3957951300058,394.04779636628854,396.4852375291588,174.52635963628003,175.60591835201498,0.6185648505960817,17.91796875,17.916015625,2.2830043855542437,2.26896933875391
base-short-c32,base,short,32,32,0.859375,0.859375,0.0,410.7901359999886,297.8417360000094,-27.495402177812355,46.059469166666155,50.969210200000255,1121.6528879999998,1050.4262980000049,1147.780661599991,1093.829297550002,1148.8217144399844,1094.973750519995,998.5797785481719,1046.703294340171,442.277548976353,463.5917705036051,4.819195904604179,17.91796875,17.916015625,0.9008923138120852,0.8594726433810713
base-short-c64,base,short,64,64,0.9296875,0.9296875,0.0,433.67543299999056,450.7625349999955,3.940066856405333,45.362853466666785,44.46690810000006,1145.0144409999866,1146.6858850000108,1204.2205546499958,1216.4805977000083,1206.1534236899981,1218.602541829998,1890.462377563152,1859.5565327971826,837.2982156681088,823.6098138340462,-1.634829930115178,17.91796875,17.91796875,0.47586921480121885,0.48377816503863236
base-long-c1,base,long,1,32,0.7563405797101449,0.7481884057971014,0.008152173913043459,94.3550554999888,90.64087099999085,-3.9363916223846496,34.85672093333202,34.01205836666653,618.8859755000067,601.4460334999967,636.1101359000016,635.840089500006,640.9587087000094,689.7109919199972,899.0702705315532,919.2103966582832,25.791347966839716,26.369101472940443,2.240105894595157,17.919921875,17.91796875,15.448763862855477,15.110277642691841
base-long-c8,base,long,8,32,0.7563405797101449,0.7481884057971014,0.008152173913043459,124.40632700000265,130.9299259999932,5.243783943553293,38.84419119999999,40.47673110000005,717.6645790000009,744.9328079999873,773.9091054499964,776.0431957000038,776.7217182499977,779.8742321300003,6100.795486955317,5918.642693031564,175.01161414842684,169.78625385657557,-2.9857220146656482,17.919921875,17.91796875,2.2766743017781947,2.3467414787361083
base-long-c32,base,long,32,32,0.7563405797101449,0.7481884057971014,0.008152173913043459,341.0317510000027,273.68560700000444,-19.74776360339473,39.79424946666654,41.08149576666733,937.0100394999952,910.1613355000069,1061.7320605000048,946.1615336499847,1064.621069230014,948.1398006399951,16621.1334868218,18615.177228299155,476.8052636291327,534.0077734698099,11.997038246870172,17.919921875,17.91796875,0.8356544586184799,0.7461397834257755
base-long-c64,base,long,64,64,0.8781702898550725,0.8686594202898551,0.009510869565217406,574.3184024999977,442.46705049999946,-22.957883889154807,44.39326019999896,52.80955186666745,1261.2365380000056,1239.3976080000043,1524.4959075999957,1295.1172544499966,1528.0715625099913,1298.803796969993,23078.914451914254,27179.36152542733,662.0576086609199,779.6858528136931,17.76707081286908,17.919921875,17.91796875,0.6018274531280438,0.5110320304088591
base-agentic-c1,base,agentic,1,32,0.8918918918918919,0.8918918918918919,0.0,92.28463350000027,87.71618750000698,-4.950386458427314,34.56346283333384,33.98963636666679,610.5216244999951,596.4503059999942,625.1849677499977,612.9714133499974,627.7286825399932,658.4536638500133,133.95946236536201,136.7399179843434,26.138431681046246,26.680959606701155,2.0755947880695125,17.919921875,17.91796875,15.243624763201396,14.933662443848972
base-agentic-c8,base,agentic,8,32,0.8918918918918919,0.8918918918918919,0.0,151.2242525000005,141.10603700000013,-6.690868252101511,37.6564922,36.79687429999963,715.2235595000036,697.6267434999954,732.7380759999841,710.0640347500075,734.7275000599899,713.1529515399919,912.9368751822559,936.989474308383,178.13402442580602,182.82721449919669,2.6346398946066607,17.919921875,17.91796875,2.23676776926128,2.1793497512712756
base-agentic-c32,base,agentic,32,32,0.8918918918918919,0.8918918918918919,0.0,244.6915845000035,238.94894900000452,-2.346887209763804,39.89067453333348,38.84494380000092,858.9501670000033,838.2577520000041,891.6088176999934,870.4871401999939,893.1997618799983,872.2696084600123,2908.4337255971172,2983.6349137266006,567.4992635311448,582.1726660929953,2.5856249522771657,17.919921875,17.91796875,0.7021056590720623,0.684409398878919
base-agentic-c64,base,agentic,64,64,0.9459459459459459,0.9459459459459459,0.0,462.19324700000186,426.28345299999637,-7.76943285802818,46.47500876666584,44.45555053333313,1171.5531724999978,1106.3709675000127,1206.2348753500175,1143.0046106500113,1210.445881579997,1145.9229222699992,4248.199370988336,4512.188547163544,828.9169504367486,880.4270335928867,6.214142819615143,17.919921875,17.91796875,0.4806807777721373,0.45255816693684914
adapter-short-c1,adapter,short,1,32,0.859375,0.859375,0.0,144.97365199999024,143.05127049999555,-1.3260212966110685,59.40207560000014,59.03330823333306,1035.5400864999922,1023.5178020000149,1063.20969449999,1124.5148499499962,3855.282624839998,3749.640622559999,31.721286582249856,31.981500400468388,13.610517426294058,13.722166261792665,0.8203129388961727,17.919921875,17.91796875,29.274746283685925,29.0365556605923
adapter-short-c8,adapter,short,8,32,0.859375,0.859375,0.0,1491.362645999999,203.52001849998658,-86.3534185299699,66.97427663333428,66.17384227272862,2377.801649999995,1710.1696779999997,6625.825784150001,5052.618057050007,6653.023965999991,5055.773114649998,99.798416772207,117.25972217970907,42.82008193686391,50.31212993177829,17.496575569287877,17.919921875,17.91796875,9.305083652850806,7.919450935285845
adapter-short-c32,adapter,short,32,32,0.859375,0.859375,0.0,363.54592949999187,325.7851319999929,-10.386802446649257,66.79045372727252,68.62210773333382,1342.8969069999823,1362.125929499996,1386.2375789500136,1408.0339007999937,1387.1529875700132,1409.3698087299904,827.6483296015084,813.8067204223597,355.1155462650071,349.1765859251647,-1.6724022370483316,17.919921875,17.91796875,1.12201352105014,1.1410972571048585
adapter-short-c64,adapter,short,64,64,0.9296875,0.9296875,0.0,490.17465599999355,1742.197301999994,255.42378225283375,67.87929713333179,68.52281636363439,1486.1960009999962,2692.7224730000034,1555.7896531999945,2803.6767038999856,1559.128333009976,2805.7110662900104,1467.7745709309088,818.427020294441,629.7717882194903,351.1589983270266,-44.24027800295185,17.919921875,17.91796875,0.6326806819513757,1.1346553736133569
adapter-long-c1,adapter,long,1,32,0.7563405797101449,0.7481884057971014,0.008152173913043459,150.67468750001467,147.5158565000072,-2.0964576415711256,64.10968916666586,63.52019758333208,990.0991230000216,982.0854544999804,1385.8002815000075,1327.5465792499942,2020.1511070600184,1988.4034597699742,531.4508663472781,535.9388779649578,13.458975324348367,13.812857679509221,2.6293409909196708,17.919921875,17.91796875,29.604366962737977,28.845909636462817
adapter-long-c8,adapter,long,8,32,0.7563405797101449,0.7481884057971014,0.008152173913043459,210.54968699996834,206.98264649999487,-1.6941561637059177,66.93921899038604,65.36876165833263,1092.6513690000093,1165.9679555000366,1245.959172399992,1285.958578249992,1311.2121823700177,1406.505752599971,3870.2247957079426,3854.3061253793126,98.88068729509311,101.28135212925244,2.4278399552330576,17.919921875,17.91796875,4.029547683617456,3.9340355955749953
adapter-long-c32,adapter,long,32,32,0.7563405797101449,0.7481884057971014,0.008152173913043459,534.8369069999706,333.23701449995724,-37.69371370252584,67.3598301698707,65.6027343333335,1410.2508914999987,1197.7969029999826,1665.7023926500215,1322.0373172500103,1707.1754648700205,1323.2572712299807,10263.122003681214,13379.420579618958,255.8880149954135,349.32821549206824,36.5160519527769,17.919921875,17.91796875,1.5571047532319406,1.1406019519012816
adapter-long-c64,adapter,long,64,64,0.8781702898550725,0.8686594202898551,0.009510869565217406,895.7344315000171,504.89082249998773,-43.63387129659779,68.45373823333603,77.60574260000035,1793.0206075000115,1590.2014174999977,2318.898248650032,1724.0533295999937,2416.4992930599938,1727.0772803399968,14410.867192964133,20447.599605094616,362.93617230151153,538.4565113398963,48.36121401880278,17.919921875,17.91796875,1.0978361344303653,0.7399751624378251
adapter-agentic-c1,adapter,agentic,1,32,0.8918918918918919,0.8918918918918919,0.0,147.46523999997407,145.41273500000784,-1.3918568199303039,60.912149933333616,59.622449300000355,1048.2608249999998,1030.9046585000203,1073.3265839500148,1062.8242741000265,1079.635529640014,1073.164258520036,80.92877695722854,82.13732949007347,14.92741160339124,15.150330591919039,1.493353264789432,17.919921875,17.91796875,26.692132235030286,26.299389444146446
adapter-agentic-c8,adapter,agentic,8,32,0.8918918918918919,0.8918918918918919,0.0,204.3275979999919,201.4873795000085,-1.3900317567397402,66.40534936666616,66.19840373333355,1193.835633500015,1192.4754514999734,1233.1677779500267,1219.7505647500038,1242.350072470016,1221.7135876800028,552.7295043205567,555.3661770061269,101.10905566839452,102.43796862460573,1.314336235687552,17.919921875,17.91796875,3.940739450195394,3.8896168070706705
adapter-agentic-c32,adapter,agentic,32,32,0.8918918918918919,0.8918918918918919,0.0,334.3881580000243,321.8318325000098,-3.755015002658557,67.95896610000038,66.9581227499985,1343.5112760000152,1311.4705625000056,1384.7186357499822,1339.8714116000008,1386.0845944399846,1340.602409419982,1880.2116323507432,1945.316630565953,343.2246081920755,358.8160248452444,4.542627853898984,17.919921875,17.91796875,1.1608854229399161,1.1104421677272962
adapter-agentic-c64,adapter,agentic,64,64,0.9459459459459459,0.9459459459459459,0.0,503.00060250003753,457.3778289999666,-9.07012303232132,68.16006853333458,67.15417050000194,1448.689467500003,1403.333898999989,1568.5238809500106,1481.3083070499886,1571.4321979900149,1483.0907112700045,3296.0274070708515,3486.92586879385,587.2304926850697,620.5771268013445,5.678627818490778,17.919921875,17.91796875,0.6785145686535887,0.6420546733621271
